Player,Season,Team,S/C,Pos,GP,G,A,P,+/-,PIM,P/GP,EVG,EVP,PPG,PPP,SHG,SHP,OTG,GWG,S,S%,TOI/GP,FOW%,DOB,Birth City,S/P,Ctry,Ntnlty,Ht,Wt,Draft Yr,Round,Overall,1st Season,HOF,Game Type
Noel Acciari,20222023,TOR,R,C,11,2,0,2,-3,2,0.18,2,2,0,0,0,0,0,0,7,28.6,14:57,50,1991-12-01,Johnston,RI,USA,USA,71,209,--,--,--,20162017,N,Playoffs
Sebastian Aho,20222023,CAR,L,C,15,5,7,12,6,12,0.8,4,9,1,3,0,0,0,1,42,11.9,20:27,47.4,1997-07-26,Rauma,--,FIN,FIN,72,180,2015,2,35,20182019,N,Playoffs
Sebastian Aho,20222023,NYI,L,D,6,0,1,1,0,2,0.17,0,0,0,1,0,0,0,0,5,0,15:48,--,1996-02-17,Umea,--,SWE,SWE,70,176,2017,5,139,20222023,N,Playoffs
Michael Amadio,20222023,VGK,R,R,16,5,5,10,8,4,0.63,5,9,0,1,0,0,1,1,19,26.3,12:06,70,1996-05-13,Sault Ste. Marie,ON,CAN,CAN,73,199,2014,3,90,20172018,N,Playoffs
Mikey Anderson,20222023,LAK,L,D,6,0,1,1,-4,2,0.17,0,1,0,0,0,0,0,0,6,0,22:35,--,1999-05-25,Roseville,MN,USA,USA,72,195,2017,4,103,20212022,N,Playoffs
Jaret Anderson-Dolan,20222023,LAK,L,C,4,0,0,0,0,0,0,0,0,0,0,0,0,0,0,6,0,7:28,33.3,1999-09-12,Calgary,AB,CAN,CAN,71,200,2017,2,41,20222023,N,Playoffs
Mason Appleton,20222023,WPG,R,C,5,0,0,0,-4,0,0,0,0,0,0,0,0,0,0,8,0,18:11,--,1996-01-15,Green Bay,WI,USA,USA,74,194,2015,6,168,20192020,N,Playoffs
Viktor Arvidsson,20222023,LAK,R,L,6,1,6,7,-2,2,1.17,1,2,0,5,0,0,0,0,22,4.6,20:07,42.9,1993-04-08,Skelleftea,--,SWE,SWE,70,185,2014,4,112,20152016,N,Playoffs
Zach Aston-Reese,20222023,TOR,L,C,6,1,0,1,-2,0,0.17,1,1,0,0,0,0,0,0,4,25,8:53,--,1994-08-10,Staten Island,NY,USA,USA,73,200,--,--,--,20172018,N,Playoffs
Kevin Bahl,20222023,NJD,L,D,11,0,1,1,-1,31,0.09,0,1,0,0,0,0,0,0,9,0,13:31,--,2000-06-27,New Westminster,BC,CAN,CAN,78,230,2018,2,55,20222023,N,Playoffs
Ivan Barbashev,20222023,VGK,L,C,22,7,11,18,14,18,0.82,6,16,1,2,0,0,0,1,32,21.9,15:34,54.8,1995-12-14,Moscow,--,RUS,RUS,72,203,2014,2,33,20162017,N,Playoffs
Aleksander Barkov,20222023,FLA,L,C,21,5,11,16,5,10,0.76,5,13,0,3,0,0,0,0,55,9.1,21:59,51.1,1995-09-02,Tampere,--,FIN,FIN,75,214,2013,1,2,20152016,N,Playoffs
Morgan Barron,20222023,WPG,L,C,5,0,0,0,-6,2,0,0,0,0,0,0,0,0,0,13,0,13:00,0,1998-12-02,Halifax,NS,CAN,CAN,76,220,2017,6,174,20222023,N,Playoffs
Mathew Barzal,20222023,NYI,R,C,6,2,0,2,-1,2,0.33,2,2,0,0,0,0,0,1,14,14.3,17:07,--,1997-05-26,Coquitlam,BC,CAN,CAN,73,190,2015,1,16,20182019,N,Playoffs
Nathan Bastian,20222023,NJD,R,R,12,1,1,2,-1,16,0.17,1,2,0,0,0,0,0,0,13,7.7,11:15,33.3,1997-12-06,Kitchener,ON,CAN,CAN,76,205,2016,2,41,20222023,N,Playoffs
Pierre-Edouard Bellemare,20222023,TBL,L,L,6,1,1,2,0,0,0.33,1,2,0,0,0,0,0,0,5,20,11:19,60.3,1985-03-06,Le Blanc-Mesnil,--,FRA,FRA,71,198,--,--,--,20152016,N,Playoffs
Matty Beniers,20222023,SEA,L,C,14,3,4,7,6,4,0.5,3,7,0,0,0,0,0,0,22,13.6,17:48,38.8,2002-11-05,Hingham,MA,USA,USA,74,181,2021,1,2,20222023,N,Playoffs
Jamie Benn,20222023,DAL,L,L,17,3,8,11,-1,51,0.65,1,7,2,4,0,0,0,0,37,8.1,16:20,62.4,1989-07-18,Victoria,BC,CAN,CAN,75,206,2007,5,129,20132014,N,Playoffs
Sam Bennett,20222023,FLA,L,C,20,5,10,15,5,60,0.75,4,11,1,4,0,0,0,0,73,6.9,20:52,37.5,1996-06-20,Holland Landing,ON,CAN,CAN,73,193,2014,1,4,20142015,N,Playoffs
Patrice Bergeron,20222023,BOS,R,C,3,1,0,1,-6,0,0.33,0,0,1,1,0,0,0,0,12,8.3,19:30,70.3,1985-07-24,L'Ancienne-Lorette,QC,CAN,CAN,73,196,2003,2,45,20032004,N,Playoffs
Tyler Bertuzzi,20222023,BOS,L,L,7,5,5,10,-4,26,1.43,2,4,3,6,0,0,0,1,21,23.8,17:55,28.6,1995-02-24,Sudbury,ON,CAN,CAN,74,200,2013,2,58,20222023,N,Playoffs
Oliver Bjorkstrand,20222023,SEA,R,R,14,4,4,8,-5,0,0.57,4,8,0,0,0,0,0,1,36,11.1,17:34,35.3,1995-04-10,Herning,--,DNK,DNK,72,175,2013,3,89,20162017,N,Playoffs
Nick Bjugstad,20222023,EDM,R,C,12,3,0,3,-2,16,0.25,3,3,0,0,0,0,0,1,16,18.8,13:34,52.1,1992-07-17,Minneapolis,MN,USA,USA,77,205,2010,1,19,20152016,N,Playoffs
Teddy Blueger,20222023,VGK,L,C,6,1,1,2,1,0,0.33,1,2,0,0,0,0,0,0,6,16.7,10:30,26.7,1994-08-15,Riga,--,LVA,LVA,72,185,2012,2,52,20182019,N,Playoffs
Zach Bogosian,20222023,TBL,R,D,5,0,1,1,2,7,0.2,0,1,0,0,0,0,0,0,6,0,12:47,--,1990-07-15,Massena,NY,USA,USA,75,231,2008,1,3,20192020,N,Playoffs
Samuel Bolduc,20222023,NYI,L,D,2,0,0,0,0,4,0,0,0,0,0,0,0,0,0,2,0,7:00,--,2000-12-09,Laval,QC,CAN,CAN,76,224,2019,2,57,20222023,N,Playoffs
Matt Boldy,20222023,MIN,L,L,6,0,3,3,-5,4,0.5,0,1,0,2,0,0,0,0,24,0,20:53,45.9,2001-04-05,Milford,MA,USA,USA,74,201,2019,1,12,20212022,N,Playoffs
Jesper Boqvist,20222023,NJD,L,C,6,0,0,0,-2,0,0,0,0,0,0,0,0,0,0,3,0,9:58,12.5,1998-10-30,Falun,--,SWE,SWE,73,190,2017,2,36,20222023,N,Playoffs
Will Borgen,20222023,SEA,R,D,14,1,2,3,-6,8,0.21,1,3,0,0,0,0,0,0,10,10,17:41,--,1996-12-19,Moorhead,MN,USA,USA,75,204,2015,4,92,20222023,N,Playoffs
Evan Bouchard,20222023,EDM,R,D,12,4,13,17,-4,4,1.42,0,2,4,15,0,0,0,2,29,13.8,23:00,--,1999-10-20,Oakville,ON,CAN,CAN,75,192,2018,1,10,20212022,N,Playoffs
Jesper Bratt,20222023,NJD,L,L,12,1,5,6,-3,4,0.5,1,4,0,2,0,0,0,0,25,4,18:06,--,1998-07-30,Stockholm,--,SWE,SWE,70,175,2016,6,162,20172018,N,Playoffs
Philip Broberg,20222023,EDM,L,D,9,0,0,0,3,4,0,0,0,0,0,0,0,0,0,3,0,6:53,--,2001-06-25,Orebro,--,SWE,SWE,76,212,2019,1,8,20212022,N,Playoffs
TJ Brodie,20222023,TOR,L,D,11,0,3,3,-3,12,0.27,0,3,0,0,0,0,0,0,9,0,23:20,--,1990-06-07,Chatham,ON,CAN,CAN,74,187,2008,4,114,20142015,N,Playoffs
Jonas Brodin,20222023,MIN,L,D,6,0,0,0,1,0,0,0,0,0,0,0,0,0,0,9,0,25:47,--,1993-07-12,Karlstad,--,SWE,SWE,74,196,2011,1,10,20122013,N,Playoffs
Michael Bunting,20222023,TOR,L,L,7,1,1,2,-1,15,0.29,1,1,0,1,0,0,0,0,9,11.1,14:33,0,1995-09-17,Scarborough,ON,CAN,CAN,72,186,2014,4,117,20212022,N,Playoffs
Brent Burns,20222023,CAR,R,D,15,2,7,9,6,20,0.6,2,5,0,4,0,0,0,0,56,3.6,26:00,--,1985-03-09,Barrie,ON,CAN,CAN,77,228,2003,1,20,20062007,N,Playoffs
Quinton Byfield,20222023,LAK,L,R,6,1,3,4,-5,2,0.67,1,3,0,1,0,0,0,0,8,12.5,15:09,37.5,2002-08-19,Newmarket,ON,CAN,CAN,77,225,2020,1,2,20212022,N,Playoffs
Bowen Byram,20222023,COL,L,D,7,0,3,3,1,0,0.43,0,3,0,0,0,0,0,0,22,0,21:55,--,2001-06-13,Cranbrook,BC,CAN,CAN,73,205,2019,1,4,20212022,N,Playoffs
Kyle Capobianco,20222023,WPG,L,D,1,0,0,0,-1,0,0,0,0,0,0,0,0,0,0,1,0,13:02,--,1997-08-13,Mississauga,ON,CAN,CAN,75,198,2015,3,63,20222023,N,Playoffs
Brandon Carlo,20222023,BOS,R,D,7,0,4,4,2,4,0.57,0,4,0,0,0,0,0,0,16,0,19:58,--,1996-11-26,Colorado Springs,CO,USA,USA,77,220,2015,2,37,20182019,N,Playoffs
William Carrier,20222023,VGK,L,L,18,2,4,6,2,26,0.33,2,5,0,1,0,0,0,1,16,12.5,9:59,50,1994-12-20,LaSalle,QC,CAN,CAN,74,220,2013,2,57,20172018,N,Playoffs
Cody Ceci,20222023,EDM,R,D,12,0,1,1,-5,2,0.08,0,1,0,0,0,0,0,0,14,0,18:59,--,1993-12-21,Ottawa,ON,CAN,CAN,75,210,2012,1,15,20142015,N,Playoffs
Erik Cernak,20222023,TBL,R,D,1,0,0,0,0,2,0,0,0,0,0,0,0,0,0,1,0,9:27,--,1997-05-28,Kosice,--,SVK,SVK,76,230,2015,2,43,20182019,N,Playoffs
Jalen Chatfield,20222023,CAR,R,D,15,1,3,4,1,14,0.27,1,4,0,0,0,0,0,0,16,6.3,15:27,--,1996-05-15,Ypsilanti,MI,USA,USA,73,199,--,--,--,20222023,N,Playoffs
Filip Chytil,20222023,NYR,L,C,7,1,3,4,1,0,0.57,1,4,0,0,0,0,0,0,13,7.7,15:03,60.9,1999-09-05,Kromeriz,--,CZE,CZE,74,210,2017,1,21,20192020,N,Playoffs
Anthony Cirelli,20222023,TBL,L,C,6,3,3,6,1,4,1,3,5,0,1,0,0,0,0,12,25,17:49,44.4,1997-07-15,Etobicoke,ON,CAN,CAN,73,191,2015,3,72,20172018,N,Playoffs
Casey Cizikas,20222023,NYI,L,C,6,1,2,3,-2,16,0.5,1,3,0,0,0,0,0,0,7,14.3,14:13,50,1991-02-27,Toronto,ON,CAN,CAN,71,194,2009,4,92,20122013,N,Playoffs
Connor Clifton,20222023,BOS,R,D,3,0,0,0,-4,2,0,0,0,0,0,0,0,0,0,5,0,14:40,--,1995-04-28,Matawan,NJ,USA,USA,71,195,2013,5,133,20182019,N,Playoffs
Cal Clutterbuck,20222023,NYI,R,R,6,1,0,1,-1,16,0.17,1,1,0,0,0,0,0,0,3,33.3,12:17,--,1987-11-18,Welland,ON,CAN,CAN,71,215,2006,3,72,20122013,N,Playoffs
Andrew Cogliano,20222023,COL,L,C,4,0,0,0,0,0,0,0,0,0,0,0,0,0,0,1,0,9:36,14.3,1987-06-14,Toronto,ON,CAN,CAN,70,179,2005,1,25,20122013,N,Playoffs
Ian Cole,20222023,TBL,L,D,6,1,2,3,-2,4,0.5,1,3,0,0,0,0,0,0,1,100,18:48,--,1989-02-21,Ann Arbor,MI,USA,USA,73,237,2007,1,18,20112012,N,Playoffs
Ross Colton,20222023,TBL,L,C,6,1,3,4,0,4,0.67,1,3,0,1,0,0,0,0,8,12.5,13:28,25,1996-09-11,Robbinsville,NJ,USA,USA,72,194,2016,4,118,20202021,N,Playoffs
J.T. Compher,20222023,COL,R,L,7,1,1,2,-2,0,0.29,0,0,0,1,1,1,0,0,15,6.7,22:38,47.4,1995-04-08,Northbrook,IL,USA,USA,72,190,2013,2,35,20172018,N,Playoffs
Kyle Connor,20222023,WPG,L,L,5,3,1,4,0,0,0.8,3,3,0,1,0,0,0,0,26,11.5,22:20,--,1996-12-09,Shelby Township,MI,USA,USA,73,183,2015,1,17,20172018,N,Playoffs
Nick Cousins,20222023,FLA,L,C,21,2,5,7,0,16,0.33,2,7,0,0,0,0,1,1,26,7.7,14:26,41.4,1993-07-20,Belleville,ON,CAN,CAN,71,186,2011,3,68,20152016,N,Playoffs
Charlie Coyle,20222023,BOS,R,C,7,1,1,2,-1,4,0.29,1,2,0,0,0,0,0,0,15,6.7,17:20,56.4,1992-03-02,East Weymouth,MA,USA,USA,75,215,2010,1,28,20122013,N,Playoffs
Evgenii Dadonov,20222023,DAL,L,R,16,4,6,10,5,2,0.63,4,8,0,2,0,0,0,1,29,13.8,15:29,--,1989-03-12,Chelyabinsk,--,RUS,RUS,71,188,2007,3,71,20192020,N,Playoffs
Zac Dalpe,20222023,FLA,R,C,13,1,0,1,-8,2,0.08,1,1,0,0,0,0,0,0,15,6.7,6:06,--,1989-11-01,Paris,ON,CAN,CAN,73,194,2008,2,45,20152016,N,Playoffs
Phillip Danault,20222023,LAK,L,C,6,2,3,5,1,12,0.83,1,3,0,1,1,1,0,0,17,11.8,20:08,45.5,1993-02-24,Victoriaville,QC,CAN,CAN,73,200,2011,1,26,20162017,N,Playoffs
Jake DeBrusk,20222023,BOS,L,L,7,4,2,6,-1,10,0.86,2,4,1,1,1,1,0,0,11,36.4,16:08,0,1996-10-17,Edmonton,AB,CAN,CAN,73,198,2015,1,14,20172018,N,Playoffs
Ty Dellandrea,20222023,DAL,R,C,15,3,0,3,-4,22,0.2,3,3,0,0,0,0,0,1,25,12,15:19,46.7,2000-07-21,Port Perry,ON,CAN,CAN,74,190,2018,1,13,20212022,N,Playoffs
Dylan DeMelo,20222023,WPG,R,D,5,0,2,2,-1,6,0.4,0,2,0,0,0,0,0,0,4,0,24:49,--,1993-05-01,London,ON,CAN,CAN,73,194,2011,6,179,20172018,N,Playoffs
Grigori Denisenko,20222023,FLA,R,L,1,0,0,0,-3,0,0,0,0,0,0,0,0,0,0,0,--,5:57,--,2000-06-24,Novosibirsk,--,RUS,RUS,71,198,2018,1,15,20222023,N,Playoffs
Vincent Desharnais,20222023,EDM,R,D,12,0,2,2,-3,8,0.17,0,2,0,0,0,0,0,0,6,0,13:35,--,1996-05-29,Laval,QC,CAN,CAN,79,226,2016,7,183,20222023,N,Playoffs
Connor Dewar,20222023,MIN,L,C,6,0,0,0,-2,0,0,0,0,0,0,0,0,0,0,6,0,11:25,36.7,1999-06-26,The Pas,MB,CAN,CAN,70,192,2018,3,92,20212022,N,Playoffs
Brenden Dillon,20222023,WPG,L,D,5,0,1,1,-3,9,0.2,0,1,0,0,0,0,0,0,7,0,22:35,--,1990-11-13,New Westminster,BC,CAN,CAN,76,225,--,--,--,20132014,N,Playoffs
Noah Dobson,20222023,NYI,R,D,6,0,2,2,2,2,0.33,0,2,0,0,0,0,0,0,12,0,20:11,--,2000-01-07,Summerside,PE,CAN,CAN,76,200,2018,1,12,20192020,N,Playoffs
Max Domi,20222023,DAL,L,C,19,3,10,13,-3,52,0.68,3,13,0,0,0,0,0,0,34,8.8,14:51,56.3,1995-03-02,Winnipeg,MB,CAN,CAN,70,209,2013,1,12,20192020,N,Playoffs
Ryan Donato,20222023,SEA,L,C,14,0,2,2,-2,12,0.14,0,2,0,0,0,0,0,0,24,0,9:05,32.8,1996-04-09,Boston,MA,USA,USA,72,190,2014,2,56,20172018,N,Playoffs
Drew Doughty,20222023,LAK,R,D,6,0,3,3,-5,4,0.5,0,1,0,2,0,0,0,0,6,0,28:14,--,1989-12-08,London,ON,CAN,CAN,73,210,2008,1,2,20092010,N,Playoffs
Leon Draisaitl,20222023,EDM,L,C,12,13,5,18,-1,10,1.5,7,10,6,8,0,0,0,0,45,28.9,23:08,55.1,1995-10-27,Cologne,--,DEU,DEU,74,209,2014,1,3,20162017,N,Playoffs
Jack Drury,20222023,CAR,L,C,13,0,3,3,2,10,0.23,0,2,0,1,0,0,0,0,23,0,13:54,85.7,2000-02-03,New York,NY,USA,USA,71,186,2018,2,42,20222023,N,Playoffs
Pierre-Luc Dubois,20222023,WPG,L,L,5,2,2,4,-4,8,0.8,1,3,1,1,0,0,0,1,13,15.4,21:00,58.4,1998-06-24,Ste-Agathe-des-Monts,QC,CAN,CAN,76,225,2016,1,3,20172018,N,Playoffs
Anthony Duclair,20222023,FLA,L,L,20,4,7,11,-6,16,0.55,3,10,1,1,0,0,0,0,40,10,15:19,--,1995-08-26,Pointe-Claire,QC,CAN,CAN,72,200,2013,3,80,20202021,N,Playoffs
Brandon Duhaime,20222023,MIN,L,R,6,0,0,0,-2,10,0,0,0,0,0,0,0,0,0,6,0,11:18,100,1997-05-22,Coral Springs,FL,USA,USA,74,200,2016,4,106,20212022,N,Playoffs
Mathew Dumba,20222023,MIN,R,D,6,0,2,2,0,4,0.33,0,2,0,0,0,0,0,0,9,0,22:53,--,1994-07-25,Regina,SK,CAN,CAN,73,185,2012,1,7,20142015,N,Playoffs
Vince Dunn,20222023,SEA,L,D,14,1,6,7,2,22,0.5,1,7,0,0,0,0,0,0,27,3.7,23:10,--,1996-10-29,Mississauga,ON,CAN,CAN,72,200,2015,2,56,20182019,N,Playoffs
Sean Durzi,20222023,LAK,R,D,6,1,0,1,-4,2,0.17,1,1,0,0,0,0,0,0,5,20,16:01,--,1998-10-21,Mississauga,ON,CAN,CAN,73,196,2018,2,52,20212022,N,Playoffs
Jordan Eberle,20222023,SEA,R,R,14,6,5,11,5,6,0.79,4,9,2,2,0,0,1,1,31,19.4,18:07,55.9,1990-05-15,Regina,SK,CAN,CAN,71,180,2008,1,22,20162017,N,Playoffs
Alexander Edler,20222023,LAK,L,D,4,0,0,0,-1,4,0,0,0,0,0,0,0,0,0,2,0,12:13,--,1986-04-21,Ostersund,--,SWE,SWE,76,210,2004,3,91,20062007,N,Playoffs
Nikolaj Ehlers,20222023,WPG,L,L,1,0,0,0,0,0,0,0,0,0,0,0,0,0,0,0,--,21:10,--,1996-02-14,Aalborg,--,DNK,DNK,72,172,2014,1,9,20172018,N,Playoffs
Jack Eichel,20222023,VGK,R,C,22,6,20,26,14,14,1.18,3,18,3,8,0,0,0,0,71,8.5,19:00,46.1,1996-10-28,North Chelmsford,MA,USA,USA,74,206,2015,1,2,20222023,N,Playoffs
Aaron Ekblad,20222023,FLA,R,D,20,2,6,8,9,20,0.4,1,5,1,3,0,0,0,0,26,7.7,23:57,--,1996-02-07,Windsor,ON,CAN,CAN,76,220,2014,1,1,20152016,N,Playoffs
Mattias Ekholm,20222023,EDM,L,D,12,1,6,7,0,8,0.58,1,6,0,1,0,0,0,0,20,5,21:53,--,1990-05-24,Borlange,--,SWE,SWE,77,225,2009,4,102,20142015,N,Playoffs
Lars Eller,20222023,COL,L,C,7,0,0,0,-1,0,0,0,0,0,0,0,0,0,0,9,0,14:04,65.3,1989-05-08,Rodovre,--,DNK,DNK,74,208,2007,1,13,20102011,N,Playoffs
Pierre Engvall,20222023,NYI,L,L,6,1,1,2,4,0,0.33,1,2,0,0,0,0,0,0,12,8.3,15:15,33.3,1996-05-31,Ljungby,--,SWE,SWE,77,215,2014,7,188,20192020,N,Playoffs
Joel Eriksson Ek,20222023,MIN,L,C,1,0,0,0,0,0,0,0,0,0,0,0,0,0,0,0,--,0:19,0,1997-01-29,Karlstad,--,SWE,SWE,75,207,2015,1,20,20162017,N,Playoffs
Michael Eyssimont,20222023,TBL,L,C,3,1,1,2,1,0,0.67,1,2,0,0,0,0,0,0,5,20,10:12,--,1996-09-09,Littleton,CO,USA,USA,72,191,2016,5,142,20222023,N,Playoffs
Brock Faber,20222023,MIN,R,D,6,0,0,0,3,0,0,0,0,0,0,0,0,0,0,2,0,14:33,--,2002-08-22,Maple Grove,MN,USA,USA,73,200,2020,2,45,20222023,N,Playoffs
Radek Faksa,20222023,DAL,L,C,19,1,2,3,-5,10,0.16,1,3,0,0,0,0,0,0,18,5.6,13:42,60.6,1994-01-09,Vitkov,--,CZE,CZE,75,215,2012,1,13,20152016,N,Playoffs
Hudson Fasching,20222023,NYI,R,R,6,0,0,0,-1,2,0,0,0,0,0,0,0,0,0,10,0,11:40,0,1995-07-28,Apple Valley,MN,USA,USA,75,209,2013,4,118,20222023,N,Playoffs
Jesper Fast,20222023,CAR,R,R,15,6,3,9,2,2,0.6,4,6,1,1,1,2,2,2,29,20.7,16:46,66.7,1991-12-02,Nassjo,--,SWE,SWE,73,191,2010,6,157,20132014,N,Playoffs
Kevin Fiala,20222023,LAK,L,L,3,1,5,6,1,4,2,0,3,1,3,0,0,0,0,8,12.5,18:32,--,1996-07-22,St. Gallen,--,CHE,CHE,72,205,2014,1,11,20142015,N,Playoffs
Casey Fitzgerald,20222023,FLA,R,D,2,0,0,0,-1,10,0,0,0,0,0,0,0,0,0,1,0,9:25,--,1997-02-25,North Reading,MA,USA,USA,72,187,2016,3,86,20222023,N,Playoffs
Haydn Fleury,20222023,TBL,L,D,1,0,0,0,0,0,0,0,0,0,0,0,0,0,0,1,0,15:41,--,1996-07-08,Carlyle,SK,CAN,CAN,76,207,2014,1,7,20182019,N,Playoffs
Warren Foegele,20222023,EDM,L,L,12,2,1,3,-2,16,0.25,2,3,0,0,0,0,0,0,27,7.4,11:52,--,1996-04-01,Markham,ON,CAN,CAN,74,204,2014,3,67,20182019,N,Playoffs
Marcus Foligno,20222023,MIN,L,L,6,1,0,1,-1,35,0.17,0,0,1,1,0,0,0,0,6,16.7,13:54,50,1991-08-10,Buffalo,NY,USA,CAN,75,226,2009,4,104,20172018,N,Playoffs
Nick Foligno,20222023,BOS,L,L,6,1,2,3,0,18,0.5,1,3,0,0,0,0,0,0,7,14.3,11:28,42.1,1987-10-31,Buffalo,NY,USA,USA,72,210,2006,1,28,20072008,N,Playoffs
Derek Forbort,20222023,BOS,L,D,7,0,1,1,-1,19,0.14,0,1,0,0,0,0,0,0,4,0,15:26,--,1992-03-04,Duluth,MN,USA,USA,76,216,2010,1,15,20192020,N,Playoffs
Gustav Forsling,20222023,FLA,L,D,21,2,6,8,7,10,0.38,1,4,0,3,1,1,0,1,36,5.6,26:01,--,1996-06-12,Linkoping,--,SWE,SWE,73,199,2014,5,126,20202021,N,Playoffs
Adam Fox,20222023,NYR,R,D,7,0,8,8,0,16,1.14,0,4,0,4,0,0,0,0,10,0,23:05,--,1998-02-17,Jericho,NY,USA,USA,71,180,2016,3,66,20192020,N,Playoffs
Trent Frederic,20222023,BOS,L,C,5,0,0,0,-2,10,0,0,0,0,0,0,0,0,0,8,0,10:19,100,1998-02-11,St. Louis,MO,USA,USA,75,221,2016,1,29,20212022,N,Playoffs
Jesper Froden,20222023,SEA,R,R,1,0,0,0,-1,0,0,0,0,0,0,0,0,0,0,0,--,4:09,--,1994-09-21,Stockholm,--,SWE,SWE,70,179,--,--,--,20222023,N,Playoffs
Frederick Gaudreau,20222023,MIN,R,C,6,3,0,3,0,4,0.5,2,2,1,1,0,0,0,0,17,17.7,17:42,44,1993-05-01,Bromont,QC,CAN,CAN,72,184,--,--,--,20162017,N,Playoffs
Vladislav Gavrikov,20222023,LAK,L,D,6,0,1,1,5,0,0.17,0,1,0,0,0,0,0,0,10,0,21:38,--,1995-11-21,Yaroslavl,--,RUS,RUS,75,220,2015,6,159,20182019,N,Playoffs
Morgan Geekie,20222023,SEA,R,C,13,2,2,4,0,12,0.31,2,4,0,0,0,0,0,0,14,14.3,11:19,45,1998-07-20,Strathclair,MB,CAN,CAN,75,208,2017,3,67,20192020,N,Playoffs
Mark Giordano,20222023,TOR,L,D,11,0,2,2,-7,7,0.18,0,0,0,2,0,0,0,0,14,0,14:53,--,1983-10-03,Toronto,ON,CAN,CAN,72,202,--,--,--,20062007,N,Playoffs
Samuel Girard,20222023,COL,L,D,7,0,2,2,-4,2,0.29,0,1,0,1,0,0,0,0,9,0,21:04,--,1998-05-12,Roberval,QC,CAN,CAN,70,170,2016,2,47,20172018,N,Playoffs
Luke Glendening,20222023,DAL,R,C,17,2,1,3,-5,2,0.18,2,3,0,0,0,0,0,0,15,13.3,11:26,60,1989-04-28,Grand Rapids,MI,USA,USA,71,190,--,--,--,20132014,N,Playoffs
Barclay Goodrow,20222023,NYR,L,C,7,1,0,1,-2,29,0.14,1,1,0,0,0,0,0,0,3,33.3,12:21,48.3,1993-02-26,Toronto,ON,CAN,CAN,74,209,--,--,--,20172018,N,Playoffs
Shayne Gostisbehere,20222023,CAR,L,D,15,0,3,3,-2,6,0.2,0,1,0,2,0,0,0,0,24,0,18:00,--,1993-04-20,Pembroke Pines,FL,USA,USA,71,183,2012,3,78,20152016,N,Playoffs
Yanni Gourde,20222023,SEA,L,C,14,4,9,13,1,14,0.93,3,11,0,0,1,2,1,2,25,16,19:38,46.5,1991-12-15,Saint-Narcisse,QC,CAN,CAN,69,174,--,--,--,20172018,N,Playoffs
Ryan Graves,20222023,NJD,L,D,10,0,1,1,-1,4,0.1,0,1,0,0,0,0,0,0,9,0,19:48,--,1995-05-21,Yarmouth,NS,CAN,CAN,77,222,2013,4,110,20192020,N,Playoffs
Carl Grundstrom,20222023,LAK,L,R,6,0,1,1,-3,4,0.17,0,1,0,0,0,0,0,0,6,0,9:47,--,1997-12-01,Umea,--,SWE,SWE,72,200,2016,2,57,20212022,N,Playoffs
Matt Grzelcyk,20222023,BOS,L,D,4,0,0,0,-1,0,0,0,0,0,0,0,0,0,0,6,0,13:00,--,1994-01-05,Charlestown,MA,USA,USA,70,180,2012,3,85,20172018,N,Playoffs
Radko Gudas,20222023,FLA,R,D,21,0,3,3,-5,34,0.14,0,3,0,0,0,0,0,0,17,0,17:01,--,1990-06-05,Prague,--,CZE,CZE,72,208,2010,3,66,20132014,N,Playoffs
David Gustafsson,20222023,WPG,L,C,3,0,0,0,2,0,0,0,0,0,0,0,0,0,0,0,--,8:48,71.4,2000-04-11,Tingsryd,--,SWE,SWE,74,196,2018,2,60,20222023,N,Playoffs
Erik Gustafsson,20222023,TOR,L,D,2,1,0,1,0,0,0.5,1,1,0,0,0,0,0,0,3,33.3,10:03,--,1992-03-14,Nynashamn,--,SWE,SWE,73,189,2012,4,93,20152016,N,Playoffs
Brandon Hagel,20222023,TBL,L,L,6,1,4,5,0,0,0.83,1,5,0,0,0,0,0,0,15,6.7,21:01,33.3,1998-08-27,Saskatoon,SK,CAN,CAN,74,180,2016,6,159,20212022,N,Playoffs
Nicolas Hague,20222023,VGK,L,D,22,2,4,6,12,37,0.27,2,6,0,0,0,0,0,1,25,8,18:34,--,1998-12-05,Kitchener,ON,CAN,CAN,78,245,2017,2,34,20202021,N,Playoffs
Jani Hakanpää,20222023,DAL,R,D,15,1,1,2,-3,16,0.13,1,2,0,0,0,0,0,0,13,7.7,20:31,--,1992-03-31,Kirkkonummi,--,FIN,FIN,79,225,2010,4,104,20202021,N,Playoffs
Taylor Hall,20222023,BOS,L,L,7,5,3,8,4,2,1.14,5,7,0,1,0,0,0,0,12,41.7,14:29,0,1991-11-14,Calgary,AB,CAN,CAN,73,210,2010,1,1,20172018,N,Playoffs
Dougie Hamilton,20222023,NJD,R,D,12,1,3,4,-11,2,0.33,1,2,0,2,0,0,1,1,23,4.4,20:52,--,1993-06-17,Toronto,ON,CAN,CAN,78,230,2011,1,9,20122013,N,Playoffs
Joel Hanley,20222023,DAL,L,D,13,0,1,1,5,4,0.08,0,1,0,0,0,0,0,0,5,0,12:53,--,1991-06-08,Keswick,ON,CAN,CAN,71,186,--,--,--,20182019,N,Playoffs
Thomas Harley,20222023,DAL,L,D,19,1,8,9,1,14,0.47,1,9,0,0,0,0,0,0,23,4.4,16:10,--,2001-08-19,Syracuse,NY,USA,USA,75,211,2019,1,18,20192020,N,Playoffs
Ryan Hartman,20222023,MIN,R,R,5,2,3,5,3,16,1,2,5,0,0,0,0,1,1,14,14.3,18:51,41.7,1994-09-20,Hilton Head Island,SC,USA,USA,72,197,2013,1,30,20162017,N,Playoffs
Garnet Hathaway,20222023,BOS,R,R,7,0,1,1,-1,10,0.14,0,1,0,0,0,0,0,0,7,0,9:27,100,1991-11-23,Naples,FL,USA,USA,74,212,--,--,--,20182019,N,Playoffs
Erik Haula,20222023,NJD,L,L,12,4,2,6,-6,15,0.5,2,3,2,2,0,1,0,0,23,17.4,17:35,55.5,1991-03-23,Pori,--,FIN,FIN,71,191,2009,7,182,20132014,N,Playoffs
Victor Hedman,20222023,TBL,L,D,5,0,3,3,4,2,0.6,0,2,0,1,0,0,0,0,8,0,23:38,--,1990-12-18,Ornskoldsvik,--,SWE,SWE,79,245,2009,1,2,20102011,N,Playoffs
Miro Heiskanen,20222023,DAL,L,D,19,1,11,12,-6,8,0.63,1,3,0,9,0,0,0,0,35,2.9,27:48,--,1999-07-18,Espoo,--,FIN,FIN,74,197,2017,1,3,20182019,N,Playoffs
Darren Helm,20222023,COL,L,C,1,0,0,0,-1,0,0,0,0,0,0,0,0,0,0,1,0,8:15,40,1987-01-21,St. Andrews,MB,CAN,CAN,72,192,2005,5,132,20072008,N,Playoffs
Roope Hintz,20222023,DAL,L,C,19,10,14,24,4,8,1.26,7,13,2,10,1,1,0,0,59,17,18:01,53.4,1996-11-17,Nokia,--,FIN,FIN,75,213,2015,2,49,20182019,N,Playoffs
Nico Hischier,20222023,NJD,L,C,12,1,6,7,-5,2,0.58,1,5,0,1,0,1,0,0,33,3,19:49,55.2,1999-01-04,Brig,--,CHE,CHE,73,175,2017,1,1,20172018,N,Playoffs
Justin Holl,20222023,TOR,R,D,8,0,1,1,-7,11,0.13,0,1,0,0,0,0,0,0,6,0,19:45,--,1992-01-30,Tonka Bay,MN,USA,USA,76,194,2010,2,54,20192020,N,Playoffs
Bo Horvat,20222023,NYI,L,C,6,1,1,2,2,0,0.33,0,1,0,0,1,1,0,0,8,12.5,19:44,51.8,1995-04-05,London,ON,CAN,CAN,73,215,2013,1,9,20142015,N,Playoffs
Brett Howden,20222023,VGK,L,C,22,5,5,10,4,31,0.45,4,9,1,1,0,0,1,1,30,16.7,13:59,42.4,1998-03-29,Calgary,AB,CAN,CAN,74,201,2016,1,27,20192020,N,Playoffs
Jack Hughes,20222023,NJD,L,C,12,6,5,11,-4,2,0.92,5,8,1,3,0,0,0,0,45,13.3,19:44,48.9,2001-05-14,Orlando,FL,USA,USA,71,175,2019,1,1,20222023,N,Playoffs
Luke Hughes,20222023,NJD,L,D,3,0,2,2,-2,0,0.67,0,1,0,1,0,0,0,0,4,0,19:15,--,2003-09-09,Manchester,NH,USA,USA,74,198,2021,1,4,20222023,N,Playoffs
Brad Hunt,20222023,COL,L,D,1,0,0,0,0,0,0,0,0,0,0,0,0,0,0,0,--,0:41,--,1988-08-24,Maple Ridge,BC,CAN,CAN,69,177,--,--,--,20192020,N,Playoffs
Ben Hutton,20222023,VGK,L,D,2,0,0,0,0,0,0,0,0,0,0,0,0,0,0,1,0,13:31,--,1993-04-20,Brockville,ON,CAN,CAN,75,209,2012,5,147,20222023,N,Playoffs
Zach Hyman,20222023,EDM,R,L,12,3,8,11,1,12,0.92,1,4,2,7,0,0,1,1,46,6.5,18:58,--,1992-06-09,Toronto,ON,CAN,CAN,73,206,2010,5,123,20162017,N,Playoffs
Alex Iafallo,20222023,LAK,L,L,6,3,1,4,2,6,0.67,2,3,1,1,0,0,1,1,13,23.1,18:54,42.9,1993-12-21,Eden,NY,USA,USA,72,201,--,--,--,20172018,N,Playoffs
Mattias Janmark,20222023,EDM,L,C,5,0,1,1,1,2,0.2,0,1,0,0,0,0,0,0,3,0,8:26,60,1992-12-08,Danderyd,--,SWE,SWE,74,205,2013,3,79,20152016,N,Playoffs
Calle Jarnkrok,20222023,TOR,R,C,11,1,2,3,1,0,0.27,1,3,0,0,0,0,0,0,10,10,14:27,42.9,1991-09-25,Gavle,--,SWE,SWE,72,191,2010,2,51,20142015,N,Playoffs
Seth Jarvis,20222023,CAR,R,C,15,5,5,10,7,0,0.67,2,6,2,3,1,1,0,1,37,13.5,19:55,50,2002-02-01,Winnipeg,MB,CAN,CAN,70,184,2020,1,13,20212022,N,Playoffs
Tanner Jeannot,20222023,TBL,L,L,3,0,0,0,-2,5,0,0,0,0,0,0,0,0,0,3,0,13:22,--,1997-05-29,Estevan,SK,CAN,CAN,74,220,--,--,--,20202021,N,Playoffs
Marcus Johansson,20222023,MIN,L,L,6,2,0,2,-5,0,0.33,1,1,1,1,0,0,0,1,14,14.3,20:18,35.7,1990-10-06,Landskrona,--,SWE,SWE,73,203,2009,1,24,20102011,N,Playoffs
Erik Johnson,20222023,COL,R,D,7,1,0,1,0,0,0.14,1,1,0,0,0,0,0,1,8,12.5,14:07,--,1988-03-21,Bloomington,MN,USA,USA,76,225,2006,1,1,20132014,N,Playoffs
Jack Johnson,20222023,COL,L,D,3,0,0,0,0,2,0,0,0,0,0,0,0,0,0,0,--,13:54,--,1987-01-13,Indianapolis,IN,USA,USA,74,225,2005,1,3,20092010,N,Playoffs
Wyatt Johnston,20222023,DAL,R,C,19,4,2,6,-4,4,0.32,4,5,0,1,0,0,0,2,55,7.3,16:59,40.9,2003-05-14,Toronto,ON,CAN,CAN,73,185,2021,1,23,20222023,N,Playoffs
Axel Jonsson-Fjallby,20222023,WPG,L,L,1,0,0,0,0,0,0,0,0,0,0,0,0,0,0,0,--,5:14,--,1998-02-10,Stockholm,--,SWE,SWE,73,189,2016,5,147,20222023,N,Playoffs
Kaapo Kakko,20222023,NYR,L,R,7,1,1,2,1,0,0.29,1,2,0,0,0,0,0,0,8,12.5,13:26,--,2001-02-13,Turku,--,FIN,FIN,73,215,2019,1,2,20192020,N,Playoffs
Arthur Kaliyev,20222023,LAK,L,R,2,0,0,0,-1,0,0,0,0,0,0,0,0,0,0,1,0,12:11,--,2001-06-26,Tashkent,--,UZB,USA,74,210,2019,2,33,20212022,N,Playoffs
David Kampf,20222023,TOR,L,C,11,0,3,3,-1,4,0.27,0,3,0,0,0,0,0,0,18,0,14:06,55.4,1995-01-12,Chomutov,--,CZE,CZE,74,193,--,--,--,20192020,N,Playoffs
Evander Kane,20222023,EDM,L,L,12,3,2,5,-3,46,0.42,2,4,1,1,0,0,0,0,38,7.9,19:44,42.9,1991-08-02,Vancouver,BC,CAN,CAN,74,218,2009,1,4,20172018,N,Playoffs
Patrick Kane,20222023,NYR,L,R,7,1,5,6,0,6,0.86,1,3,0,3,0,0,0,0,23,4.4,17:22,--,1988-11-19,Buffalo,NY,USA,USA,70,177,2007,1,1,20082009,N,Playoffs
Kirill Kaprizov,20222023,MIN,L,L,6,1,0,1,-3,12,0.17,0,0,1,1,0,0,0,0,17,5.9,22:54,100,1997-04-26,Novokuznetsk,--,RUS,RUS,70,202,2015,5,135,20202021,N,Playoffs
William Karlsson,20222023,VGK,L,C,22,11,6,17,11,2,0.77,10,15,1,2,0,0,0,1,45,24.4,17:21,54.4,1993-01-08,Marsta,--,SWE,SWE,72,190,2011,2,53,20162017,N,Playoffs
Tye Kartye,20222023,SEA,L,L,10,3,2,5,6,2,0.5,3,5,0,0,0,0,0,1,13,23.1,12:21,--,2001-04-30,Kingston,ON,CAN,CAN,71,202,--,--,--,20222023,N,Playoffs
Adrian Kempe,20222023,LAK,L,R,6,5,3,8,-3,2,1.33,3,5,2,3,0,0,0,0,31,16.1,20:42,50,1996-09-13,Kramfors,--,SWE,SWE,74,200,2014,1,29,20172018,N,Playoffs
Alexander Kerfoot,20222023,TOR,L,C,11,2,0,2,1,4,0.18,1,1,1,1,0,0,1,1,13,15.4,14:11,50,1994-08-11,Vancouver,BC,CAN,CAN,71,185,2012,5,150,20172018,N,Playoffs
Phil Kessel,20222023,VGK,R,R,4,0,2,2,2,2,0.5,0,2,0,0,0,0,0,0,5,0,11:47,0,1987-10-02,Madison,WI,USA,USA,71,208,2006,1,5,20072008,N,Playoffs
Alex Killorn,20222023,TBL,L,L,6,3,2,5,0,0,0.83,2,3,1,2,0,0,0,0,16,18.8,19:48,--,1989-09-14,Halifax,NS,CAN,CAN,73,192,2007,3,77,20132014,N,Playoffs
Joel Kiviranta,20222023,DAL,L,L,15,1,4,5,0,2,0.33,1,4,0,0,0,1,0,0,12,8.3,12:38,--,1996-03-23,Vantaa,--,FIN,FIN,71,185,--,--,--,20192020,N,Playoffs
John Klingberg,20222023,MIN,R,D,4,1,3,4,2,0,1,1,3,0,1,0,0,0,0,8,12.5,16:48,--,1992-08-14,Gothenburg,--,SWE,SWE,74,185,2010,5,131,20152016,N,Playoffs
Matthew Knies,20222023,TOR,L,L,7,1,3,4,3,4,0.57,1,4,0,0,0,0,0,0,7,14.3,13:07,--,2002-10-17,Phoenix,AZ,USA,USA,75,227,2021,2,57,20222023,N,Playoffs
Keegan Kolesar,20222023,VGK,R,R,22,2,3,5,1,50,0.23,2,5,0,0,0,0,0,0,10,20,9:49,57.1,1997-04-08,Brandon,MB,CAN,CAN,74,216,2015,3,69,20202021,N,Playoffs
Anze Kopitar,20222023,LAK,L,C,6,2,5,7,-3,0,1.17,0,4,2,3,0,0,0,0,14,14.3,22:37,52.5,1987-08-24,Jesenice,--,SVN,SVN,75,225,2005,1,11,20092010,N,Playoffs
Klim Kostin,20222023,EDM,L,C,12,3,2,5,2,9,0.42,3,5,0,0,0,0,0,1,10,30,7:44,50,1999-05-05,Penza,--,RUS,RUS,76,232,2017,1,31,20222023,N,Playoffs
Jesperi Kotkaniemi,20222023,CAR,L,C,15,3,4,7,-5,8,0.47,2,5,1,2,0,0,0,1,24,12.5,16:50,41.2,2000-07-06,Pori,--,FIN,FIN,75,203,2018,1,3,20192020,N,Playoffs
Chris Kreider,20222023,NYR,L,L,7,6,3,9,-2,0,1.29,1,4,5,5,0,0,0,2,14,42.9,19:15,20,1991-04-30,Boxford,MA,USA,USA,75,230,2009,1,19,20112012,N,Playoffs
David Krejci,20222023,BOS,R,C,4,1,3,4,-3,0,1,0,1,1,3,0,0,0,0,6,16.7,19:25,40.9,1986-04-28,Sternberk,--,CZE,CZE,72,192,2004,2,63,20072008,N,Playoffs
Nikita Kucherov,20222023,TBL,L,R,6,1,5,6,0,11,1,0,2,1,4,0,0,0,0,21,4.8,20:16,--,1993-06-17,Maykop,--,RUS,RUS,72,180,2011,2,58,20132014,N,Playoffs
Karson Kuhlman,20222023,WPG,R,C,1,0,0,0,0,2,0,0,0,0,0,0,0,0,0,1,0,10:15,--,1995-09-26,Esko,MN,USA,USA,71,184,--,--,--,20182019,N,Playoffs
Brett Kulak,20222023,EDM,L,D,12,1,1,2,3,9,0.17,1,2,0,0,0,0,0,0,19,5.3,16:21,--,1994-01-06,Edmonton,AB,CAN,CAN,74,192,2012,4,105,20192020,N,Playoffs
Rasmus Kupari,20222023,LAK,R,C,6,0,0,0,-2,0,0,0,0,0,0,0,0,0,0,1,0,7:47,46.2,2000-03-15,Kotka,--,FIN,FIN,74,201,2018,1,20,20212022,N,Playoffs
Sam Lafferty,20222023,TOR,R,C,9,1,2,3,-1,2,0.33,1,3,0,0,0,0,0,0,8,12.5,10:41,66.7,1995-03-06,Hollidaysburg,PA,USA,USA,74,205,2014,4,113,20192020,N,Playoffs
Alexis Lafrenière,20222023,NYR,L,L,7,0,0,0,0,0,0,0,0,0,0,0,0,0,0,9,0,14:20,0,2001-10-11,St-Eustache,QC,CAN,CAN,74,196,2020,1,1,20212022,N,Playoffs
Adam Larsson,20222023,SEA,R,D,14,2,2,4,2,8,0.29,2,4,0,0,0,0,0,0,26,7.7,25:11,--,1992-11-12,Skelleftea,--,SWE,SWE,75,207,2011,1,4,20112012,N,Playoffs
Jakub Lauko,20222023,BOS,L,C,3,0,1,1,1,4,0.33,0,1,0,0,0,0,0,0,0,--,6:51,--,2000-03-28,Prague,--,CZE,CZE,73,193,2018,3,77,20222023,N,Playoffs
Curtis Lazar,20222023,NJD,R,C,6,1,0,1,0,2,0.17,1,1,0,0,0,0,0,0,4,25,7:49,50,1995-02-02,Salmon Arm,BC,CAN,CAN,72,203,2013,1,17,20142015,N,Playoffs
Anders Lee,20222023,NYI,L,L,6,1,0,1,0,12,0.17,1,1,0,0,0,0,0,0,16,6.3,17:04,100,1990-07-03,Edina,MN,USA,USA,75,231,2009,6,152,20142015,N,Playoffs
Artturi Lehkonen,20222023,COL,L,L,7,3,3,6,3,6,0.86,3,5,0,0,0,1,0,0,13,23.1,20:46,0,1995-07-04,Piikkio,--,FIN,FIN,71,179,2013,2,55,20162017,N,Playoffs
Timothy Liljegren,20222023,TOR,R,D,5,0,0,0,-1,0,0,0,0,0,0,0,0,0,0,2,0,15:16,--,1999-04-30,Kristianstad,--,SWE,SWE,73,201,2017,1,17,20212022,N,Playoffs
Esa Lindell,20222023,DAL,L,D,19,0,3,3,-10,8,0.16,0,3,0,0,0,0,0,0,28,0,20:50,--,1994-05-23,Vantaa,--,FIN,FIN,75,217,2012,3,74,20182019,N,Playoffs
Ryan Lindgren,20222023,NYR,L,D,7,1,1,2,3,6,0.29,1,2,0,0,0,0,0,0,6,16.7,19:52,--,1998-02-11,Burnsville,MN,USA,USA,72,194,2016,2,49,20192020,N,Playoffs
Hampus Lindholm,20222023,BOS,L,D,7,0,0,0,2,4,0,0,0,0,0,0,0,0,0,8,0,21:40,--,1994-01-20,Helsingborg,--,SWE,SWE,76,224,2012,1,6,20132014,N,Playoffs
Blake Lizotte,20222023,LAK,L,C,3,0,0,0,0,2,0,0,0,0,0,0,0,0,0,4,0,9:42,6.3,1997-12-13,Lindstrom,MN,USA,USA,69,173,--,--,--,20212022,N,Playoffs
Ryan Lomberg,20222023,FLA,L,L,13,1,0,1,-1,22,0.08,1,1,0,0,0,0,0,0,17,5.9,12:00,40,1994-12-09,Richmond Hill,ON,CAN,CAN,69,184,--,--,--,20202021,N,Playoffs
Adam Lowry,20222023,WPG,L,C,5,4,1,5,-1,2,1,2,3,2,2,0,0,0,0,11,36.4,18:04,48.6,1993-03-29,St. Louis,MO,USA,USA,77,210,2011,3,67,20142015,N,Playoffs
Anton Lundell,20222023,FLA,L,C,21,2,8,10,3,2,0.48,2,7,0,2,0,1,0,0,43,4.7,18:04,46.3,2001-10-03,Espoo,--,FIN,FIN,73,196,2020,1,12,20212022,N,Playoffs
Eetu Luostarinen,20222023,FLA,L,C,16,2,3,5,2,4,0.31,2,4,0,0,0,1,0,1,14,14.3,16:41,50,1998-09-02,Siilinjarvi,--,FIN,FIN,75,191,2017,2,42,20212022,N,Playoffs
Mackenzie MacEachern,20222023,CAR,L,L,8,1,1,2,4,6,0.25,1,2,0,0,0,0,0,0,8,12.5,11:52,0,1994-03-09,Bloomfield Hills,MI,USA,USA,74,193,2012,3,67,20192020,N,Playoffs
Zack MacEwen,20222023,LAK,R,R,1,0,0,0,0,2,0,0,0,0,0,0,0,0,0,0,--,6:44,--,1996-07-08,Charlottetown,PE,CAN,CAN,76,227,--,--,--,20192020,N,Playoffs
Nathan MacKinnon,20222023,COL,R,C,7,3,4,7,8,4,1,3,6,0,1,0,0,0,1,40,7.5,23:44,55.5,1995-09-01,Halifax,NS,CAN,CAN,72,200,2013,1,1,20132014,N,Playoffs
Saku Maenalanen,20222023,WPG,L,R,5,0,1,1,0,12,0.2,0,1,0,0,0,0,0,0,3,0,8:31,--,1994-05-29,Kemi,--,FIN,FIN,76,214,2013,5,125,20182019,N,Playoffs
Joshua Mahura,20222023,FLA,L,D,21,0,3,3,-6,6,0.14,0,3,0,0,0,0,0,0,22,0,13:04,--,1998-05-05,St. Albert,AB,CAN,CAN,72,193,2016,3,85,20222023,N,Playoffs
Cale Makar,20222023,COL,R,D,6,1,4,5,5,6,0.83,1,4,0,0,0,1,0,0,20,5,25:40,--,1998-10-30,Calgary,AB,CAN,CAN,72,187,2017,1,4,20182019,N,Playoffs
Denis Malgin,20222023,COL,R,C,7,0,0,0,-3,2,0,0,0,0,0,0,0,0,0,7,0,7:39,--,1997-01-18,Olten,--,CHE,CHE,69,182,2015,4,102,20222023,N,Playoffs
Josh Manson,20222023,COL,R,D,5,0,0,0,-3,8,0,0,0,0,0,0,0,0,0,4,0,11:47,--,1991-10-07,Hinsdale,IL,USA,CAN,75,218,2011,6,160,20152016,N,Playoffs
Brad Marchand,20222023,BOS,L,L,7,4,6,10,-6,2,1.43,1,3,2,6,1,1,0,1,25,16,20:39,21.4,1988-05-11,Halifax,NS,CAN,CAN,69,180,2006,3,71,20102011,N,Playoffs
Jonathan Marchessault,20222023,VGK,R,R,22,13,12,25,17,14,1.14,10,19,3,6,0,0,0,3,80,16.3,17:25,0,1990-12-27,Cap-Rouge,QC,CAN,CAN,69,185,--,--,--,20142015,N,Playoffs
Mason Marchment,20222023,DAL,L,L,18,4,2,6,-8,18,0.33,4,6,0,0,0,0,0,0,16,25,14:03,50,1995-06-18,Uxbridge,ON,CAN,CAN,77,212,--,--,--,20202021,N,Playoffs
John Marino,20222023,NJD,R,D,12,0,4,4,-1,0,0.33,0,3,0,0,0,1,0,0,8,0,22:42,--,1997-05-21,North Easton,MA,USA,USA,73,200,2015,6,154,20192020,N,Playoffs
Mitch Marner,20222023,TOR,R,R,11,3,11,14,7,2,1.27,2,8,1,6,0,0,0,1,33,9.1,24:08,--,1997-05-05,Markham,ON,CAN,CAN,72,180,2015,1,4,20162017,N,Playoffs
Patrick Maroon,20222023,TBL,L,L,6,0,1,1,1,16,0.17,0,1,0,0,0,0,0,0,3,0,9:54,0,1988-04-23,St. Louis,MO,USA,USA,75,234,2007,6,161,20132014,N,Playoffs
Matt Martin,20222023,NYI,L,L,6,1,0,1,0,16,0.17,1,1,0,0,0,0,0,0,4,25,10:25,0,1989-05-08,Windsor,ON,CAN,CAN,75,215,2008,5,148,20122013,N,Playoffs
Alec Martinez,20222023,VGK,L,D,22,2,5,7,13,4,0.32,2,7,0,0,0,0,0,0,34,5.9,19:29,--,1987-07-26,Rochester Hills,MI,USA,USA,73,210,2007,4,95,20102011,N,Playoffs
Jordan Martinook,20222023,CAR,L,L,15,3,9,12,4,8,0.8,2,10,0,0,1,2,0,0,42,7.1,18:12,38.1,1992-07-25,Brandon,MB,CAN,CAN,73,208,2012,2,58,20182019,N,Playoffs
Auston Matthews,20222023,TOR,L,C,11,5,6,11,2,7,1,4,7,1,4,0,0,0,0,49,10.2,22:52,52.9,1997-09-17,San Ramon,CA,USA,USA,75,217,2016,1,1,20162017,N,Playoffs
Scott Mayfield,20222023,NYI,R,D,6,1,2,3,1,2,0.5,1,2,0,0,0,1,0,0,10,10,21:27,--,1992-10-14,St. Louis,MO,USA,USA,77,213,2011,2,34,20142015,N,Playoffs
Charlie McAvoy,20222023,BOS,R,D,7,0,5,5,-3,8,0.71,0,1,0,4,0,0,0,0,15,0,25:28,--,1997-12-21,Long Beach,NY,USA,USA,73,213,2016,1,14,20162017,N,Playoffs
Jake McCabe,20222023,TOR,L,D,11,0,2,2,-7,10,0.18,0,2,0,0,0,0,0,0,16,0,21:00,--,1993-10-12,Eau Claire,WI,USA,USA,73,212,2012,2,44,20222023,N,Playoffs
Jared McCann,20222023,SEA,L,L,8,1,2,3,-1,6,0.38,1,2,0,1,0,0,0,0,22,4.6,14:32,50,1996-05-31,Stratford,ON,CAN,CAN,73,191,2014,1,24,20182019,N,Playoffs
Connor McDavid,20222023,EDM,L,C,12,8,12,20,-1,0,1.67,2,7,5,12,1,1,0,0,51,15.7,23:43,48.3,1997-01-13,Richmond Hill,ON,CAN,CAN,73,194,2015,1,1,20162017,N,Playoffs
Michael McLeod,20222023,NJD,R,C,12,2,4,6,2,15,0.5,0,3,0,1,2,2,0,1,19,10.5,14:47,56.9,1998-02-03,Mississauga,ON,CAN,CAN,74,190,2016,1,12,20222023,N,Playoffs
Ryan McLeod,20222023,EDM,L,C,12,0,5,5,-1,2,0.42,0,5,0,0,0,0,0,0,9,0,14:36,54.7,1999-09-21,Mississauga,ON,CAN,CAN,75,188,2018,2,40,20202021,N,Playoffs
Brayden McNabb,20222023,VGK,L,D,21,0,4,4,7,10,0.19,0,4,0,0,0,0,0,0,12,0,19:09,--,1991-01-21,Davidson,SK,CAN,CAN,76,215,2009,3,66,20152016,N,Playoffs
Timo Meier,20222023,NJD,L,R,11,2,2,4,-1,22,0.36,1,3,1,1,0,0,0,0,37,5.4,16:52,0,1996-10-08,Herisau,--,CHE,CHE,73,220,2015,1,9,20162017,N,Playoffs
Dawson Mercer,20222023,NJD,R,C,12,3,4,7,-1,2,0.58,1,4,1,2,1,1,0,0,16,18.8,16:38,39.1,2001-10-27,Carbonear,NL,CAN,CAN,72,180,2020,1,18,20222023,N,Playoffs
Jon Merrill,20222023,MIN,L,D,2,0,0,0,1,2,0,0,0,0,0,0,0,0,0,3,0,16:26,--,1992-02-03,Oklahoma City,OK,USA,USA,75,204,2010,2,38,20172018,N,Playoffs
Ben Meyers,20222023,COL,L,C,6,0,0,0,-2,2,0,0,0,0,0,0,0,0,0,1,0,5:30,50,1998-11-15,Delano,MN,USA,USA,71,194,--,--,--,20222023,N,Playoffs
Jake Middleton,20222023,MIN,L,D,6,0,2,2,-2,8,0.33,0,2,0,0,0,0,0,0,7,0,20:31,--,1996-01-02,Wainwright,AB,CAN,CAN,75,219,2014,7,210,20212022,N,Playoffs
Niko Mikkola,20222023,NYR,L,D,7,0,2,2,2,12,0.29,0,2,0,0,0,0,0,0,6,0,14:23,--,1996-04-27,Kiiminki,--,FIN,FIN,78,204,2015,5,127,20202021,N,Playoffs
Colin Miller,20222023,DAL,R,D,10,0,1,1,-2,4,0.1,0,1,0,0,0,0,0,0,13,0,16:17,--,1992-10-29,Sault Ste. Marie,ON,CAN,CAN,73,200,2012,5,151,20162017,N,Playoffs
K'Andre Miller,20222023,NYR,L,D,7,0,1,1,0,4,0.14,0,1,0,0,0,0,0,0,4,0,22:24,--,2000-01-21,St. Paul,MN,USA,USA,77,210,2018,1,22,20212022,N,Playoffs
Brandon Montour,20222023,FLA,R,D,21,8,5,13,2,39,0.62,6,10,2,3,0,0,0,0,72,11.1,26:58,0,1994-04-11,Brantford,ON,CAN,CAN,72,199,2014,2,55,20162017,N,Playoffs
Trevor Moore,20222023,LAK,L,L,6,1,2,3,3,0,0.5,0,2,1,1,0,0,1,1,22,4.6,19:15,0,1995-03-31,Thousand Oaks,CA,USA,USA,71,195,--,--,--,20182019,N,Playoffs
Josh Morrissey,20222023,WPG,L,D,3,0,1,1,1,0,0.33,0,1,0,0,0,0,0,0,5,0,16:36,--,1995-03-28,Calgary,AB,CAN,CAN,72,195,2013,1,13,20172018,N,Playoffs
Tyler Motte,20222023,NYR,L,C,7,0,0,0,-1,12,0,0,0,0,0,0,0,0,0,10,0,11:50,50,1995-03-10,St. Clair,MI,USA,USA,70,194,2013,4,121,20192020,N,Playoffs
Vladislav Namestnikov,20222023,WPG,L,C,5,0,2,2,0,2,0.4,0,1,0,1,0,0,0,0,2,0,15:50,41.2,1992-11-22,Zhukovskiy,--,RUS,RUS,72,181,2011,1,27,20142015,N,Playoffs
Martin Necas,20222023,CAR,R,C,15,4,3,7,-2,2,0.47,3,3,1,4,0,0,0,1,42,9.5,19:33,33.3,1999-01-15,Nove Mesto na Morave,--,CZE,CZE,75,195,2017,1,12,20192020,N,Playoffs
Brock Nelson,20222023,NYI,L,C,6,2,3,5,4,4,0.83,2,5,0,0,0,0,0,0,15,13.3,17:39,47.7,1991-10-15,Warroad,MN,USA,USA,76,205,2010,1,30,20122013,N,Playoffs
Alex Newhook,20222023,COL,L,C,7,0,1,1,-3,4,0.14,0,1,0,0,0,0,0,0,4,0,9:15,45.5,2001-01-28,St. John's,NL,CAN,CAN,71,200,2019,1,16,20202021,N,Playoffs
Valeri Nichushkin,20222023,COL,L,R,2,1,0,1,-2,0,0.5,1,1,0,0,0,0,0,0,6,16.7,19:58,100,1995-03-04,Chelyabinsk,--,RUS,RUS,76,210,2013,1,10,20132014,N,Playoffs
Nino Niederreiter,20222023,WPG,L,R,5,1,3,4,-7,2,0.8,1,2,0,2,0,0,0,0,10,10,17:03,0,1992-09-08,Chur,--,CHE,CHE,74,218,2010,1,5,20132014,N,Playoffs
Matt Nieto,20222023,COL,L,L,7,0,0,0,0,2,0,0,0,0,0,0,0,0,0,9,0,11:41,0,1992-11-05,Long Beach,CA,USA,USA,71,189,2011,2,47,20132014,N,Playoffs
Stefan Noesen,20222023,CAR,R,R,15,4,4,8,-3,11,0.53,1,3,3,5,0,0,0,1,24,16.7,17:02,38.6,1993-02-12,Plano,TX,USA,USA,73,205,2011,1,21,20172018,N,Playoffs
Tomas Nosek,20222023,BOS,L,L,7,0,2,2,0,0,0.29,0,1,0,0,0,1,0,0,11,0,11:56,60.4,1992-09-01,Pardubice,--,CZE,CZE,75,199,--,--,--,20172018,N,Playoffs
Ryan Nugent-Hopkins,20222023,EDM,L,C,12,1,10,11,-6,4,0.92,1,2,0,9,0,0,0,0,23,4.4,20:08,44.2,1993-04-12,Burnaby,BC,CAN,CAN,73,192,2011,1,1,20162017,N,Playoffs
Darnell Nurse,20222023,EDM,L,D,11,0,4,4,-2,21,0.36,0,3,0,1,0,0,0,0,21,0,23:02,--,1995-02-04,Hamilton,ON,CAN,CAN,76,215,2013,1,7,20162017,N,Playoffs
William Nylander,20222023,TOR,R,R,11,4,6,10,-4,2,0.91,2,6,2,4,0,0,0,1,47,8.5,18:45,50,1996-05-01,Calgary,AB,CAN,SWE,72,202,2014,1,8,20162017,N,Playoffs
Gustav Nyquist,20222023,MIN,L,R,6,0,5,5,4,2,0.83,0,4,0,1,0,0,0,0,9,0,16:01,--,1989-09-01,Halmstad,--,SWE,SWE,71,180,2008,4,121,20112012,N,Playoffs
Logan O'Connor,20222023,COL,R,R,7,0,0,0,0,6,0,0,0,0,0,0,0,0,0,7,0,12:18,50,1996-08-14,Missouri City,TX,USA,USA,72,175,--,--,--,20192020,N,Playoffs
Ryan O'Reilly,20222023,TOR,L,C,11,3,6,9,-3,5,0.82,1,6,2,3,0,0,0,0,21,14.3,19:49,53.8,1991-02-07,Clinton,ON,CAN,CAN,73,207,2009,2,33,20092010,N,Playoffs
Jamie Oleksiak,20222023,SEA,L,D,14,1,2,3,-6,8,0.21,1,3,0,0,0,0,0,0,11,9.1,21:06,--,1992-12-21,Toronto,ON,CAN,CAN,79,252,2011,1,14,20172018,N,Playoffs
Fredrik Olofsson,20222023,DAL,L,L,2,0,0,0,1,0,0,0,0,0,0,0,0,0,0,5,0,10:19,--,1996-05-27,Helsingborg,--,SWE,SWE,74,190,2014,4,98,20222023,N,Playoffs
Dmitry Orlov,20222023,BOS,L,D,7,0,8,8,-3,2,1.14,0,3,0,4,0,1,0,0,11,0,23:03,--,1991-07-23,Novokuznetsk,--,RUS,RUS,71,214,2009,2,55,20152016,N,Playoffs
Brayden Pachal,20222023,VGK,R,D,1,0,0,0,0,2,0,0,0,0,0,0,0,0,0,0,--,11:45,--,1999-08-23,Estevan,SK,CAN,CAN,74,202,--,--,--,20222023,N,Playoffs
Jean-Gabriel Pageau,20222023,NYI,R,C,6,0,1,1,-1,0,0.17,0,0,0,1,0,0,0,0,8,0,16:48,54.9,1992-11-11,Ottawa,ON,CAN,CAN,71,195,2011,4,96,20122013,N,Playoffs
Ondrej Palat,20222023,NJD,L,L,12,3,4,7,-6,6,0.58,2,4,1,2,0,1,0,1,16,18.8,16:51,0,1991-03-28,Frydek-Mistek,--,CZE,CZE,72,194,2011,7,208,20132014,N,Playoffs
Kyle Palmieri,20222023,NYI,R,C,6,2,3,5,4,4,0.83,1,4,1,1,0,0,0,1,14,14.3,16:15,50,1991-02-01,Smithtown,NY,USA,USA,71,195,2009,1,26,20102011,N,Playoffs
Artemi Panarin,20222023,NYR,R,L,7,0,2,2,-2,2,0.29,0,1,0,1,0,0,0,0,15,0,19:20,0,1991-10-30,Korkino,--,RUS,RUS,72,177,--,--,--,20152016,N,Playoffs
Zach Parise,20222023,NYI,L,L,6,0,0,0,-2,2,0,0,0,0,0,0,0,0,0,11,0,14:57,--,1984-07-28,Minneapolis,MN,USA,USA,71,195,2003,1,17,20052006,N,Playoffs
David Pastrnak,20222023,BOS,R,R,7,5,0,5,-2,2,0.71,2,2,3,3,0,0,0,1,34,14.7,20:33,0,1996-05-25,Havirov,--,CZE,CZE,72,200,2014,1,25,20162017,N,Playoffs
Nick Paul,20222023,TBL,L,L,6,1,0,1,-1,2,0.17,1,1,0,0,0,0,0,1,8,12.5,16:37,58.9,1995-03-20,Mississauga,ON,CAN,CAN,76,230,2013,4,101,20212022,N,Playoffs
Joe Pavelski,20222023,DAL,R,C,14,9,5,14,-1,2,1,5,9,4,5,0,0,1,4,28,32.1,17:50,56.6,1984-07-11,Plover,WI,USA,USA,73,196,2003,7,205,20062007,N,Playoffs
Adam Pelech,20222023,NYI,L,D,6,1,1,2,1,2,0.33,1,2,0,0,0,0,0,0,9,11.1,23:48,--,1994-08-16,Toronto,ON,CAN,CAN,75,210,2012,3,65,20182019,N,Playoffs
Nick Perbix,20222023,TBL,R,D,6,0,3,3,1,0,0.5,0,3,0,0,0,0,0,0,7,0,18:47,--,1998-06-15,Elk River,MN,USA,USA,76,206,2017,6,169,20222023,N,Playoffs
Corey Perry,20222023,TBL,R,R,6,2,3,5,1,7,0.83,1,3,1,2,0,0,0,0,12,16.7,11:05,--,1985-05-16,Peterborough,ON,CAN,CAN,75,208,2003,1,28,20052006,N,Playoffs
Brett Pesce,20222023,CAR,R,D,15,2,4,6,-4,12,0.4,2,6,0,0,0,0,0,0,35,5.7,23:27,0,1994-11-15,Tarrytown,NY,USA,USA,75,206,2013,3,66,20182019,N,Playoffs
Alex Pietrangelo,20222023,VGK,R,D,21,1,9,10,9,29,0.48,1,7,0,3,0,0,0,0,44,2.3,23:25,--,1990-01-18,King City,ON,CAN,CAN,75,215,2008,1,4,20112012,N,Playoffs
Neal Pionk,20222023,WPG,R,D,5,0,7,7,-6,0,1.4,0,3,0,4,0,0,0,0,9,0,27:18,--,1995-07-29,Omaha,NE,USA,USA,72,190,--,--,--,20192020,N,Playoffs
Brayden Point,20222023,TBL,R,C,6,2,2,4,-2,2,0.67,0,2,2,2,0,0,0,1,20,10,20:32,46.9,1996-03-13,Calgary,AB,CAN,CAN,71,175,2014,3,79,20172018,N,Playoffs
Jesse Puljujarvi,20222023,CAR,R,R,7,0,1,1,-3,0,0.14,0,1,0,0,0,0,0,0,12,0,11:22,--,1998-05-07,Alvkarleby,--,SWE,FIN,76,216,2016,1,4,20202021,N,Playoffs
Ryan Pulock,20222023,NYI,R,D,6,1,3,4,0,6,0.67,1,4,0,0,0,0,0,0,12,8.3,23:29,--,1994-10-06,Dauphin,MB,CAN,CAN,74,220,2013,1,15,20152016,N,Playoffs
Darren Raddysh,20222023,TBL,R,D,6,1,1,2,-3,2,0.33,1,2,0,0,0,0,0,0,14,7.1,25:13,--,1996-02-28,Toronto,ON,CAN,CAN,73,202,--,--,--,20222023,N,Playoffs
Mikko Rantanen,20222023,COL,L,R,7,7,3,10,4,2,1.43,5,8,2,2,0,0,0,0,27,25.9,21:26,65.2,1996-10-29,Nousiainen,--,FIN,FIN,76,215,2015,1,10,20172018,N,Playoffs
Ryan Reaves,20222023,MIN,R,R,6,0,0,0,-1,14,0,0,0,0,0,0,0,0,0,2,0,8:32,--,1987-01-20,Winnipeg,MB,CAN,CAN,74,225,2005,5,156,20112012,N,Playoffs
Sam Reinhart,20222023,FLA,R,C,21,8,5,13,0,12,0.62,5,8,3,5,0,0,1,2,45,17.8,21:59,40.5,1995-11-06,West Vancouver,BC,CAN,CAN,73,196,2014,1,2,20212022,N,Playoffs
Morgan Rielly,20222023,TOR,L,D,11,4,8,12,11,6,1.09,4,11,0,1,0,0,1,1,24,16.7,24:09,--,1994-03-09,Vancouver,BC,CAN,CAN,73,225,2012,1,5,20162017,N,Playoffs
Jason Robertson,20222023,DAL,L,L,19,7,11,18,0,2,0.95,3,8,4,10,0,0,0,0,57,12.3,18:46,--,1999-07-22,Arcadia,CA,USA,USA,75,207,2017,2,39,20212022,N,Playoffs
Evan Rodrigues,20222023,COL,R,C,7,1,4,5,4,2,0.71,1,5,0,0,0,0,0,0,18,5.6,19:10,50,1993-07-28,Toronto,ON,CAN,CAN,71,182,--,--,--,20202021,N,Playoffs
Alexander Romanov,20222023,NYI,L,D,4,0,0,0,3,2,0,0,0,0,0,0,0,0,0,2,0,17:50,--,2000-01-06,Moscow,--,RUS,RUS,73,220,2018,2,38,20202021,N,Playoffs
Matt Roy,20222023,LAK,R,D,6,1,2,3,4,0,0.5,1,3,0,0,0,0,0,0,8,12.5,21:36,--,1995-03-01,Detroit,MI,USA,USA,74,210,2015,7,194,20212022,N,Playoffs
Nicolas Roy,20222023,VGK,R,C,22,3,8,11,2,20,0.5,3,9,0,2,0,0,0,1,37,8.1,15:01,49.2,1997-02-05,Amos,QC,CAN,CAN,76,201,2015,4,96,20192020,N,Playoffs
Derek Ryan,20222023,EDM,R,C,11,1,2,3,3,0,0.27,1,3,0,0,0,0,0,0,19,5.3,11:50,38.9,1986-12-29,Spokane,WA,USA,USA,70,185,--,--,--,20182019,N,Playoffs
Dylan Samberg,20222023,WPG,L,D,5,0,0,0,-3,8,0,0,0,0,0,0,0,0,0,5,0,15:38,--,1999-01-24,Saginaw,MN,USA,USA,76,216,2017,2,43,20222023,N,Playoffs
Mark Scheifele,20222023,WPG,R,C,4,1,0,1,-1,4,0.25,0,0,1,1,0,0,0,0,10,10,17:35,50,1993-03-15,Kitchener,ON,CAN,CAN,75,207,2011,1,7,20142015,N,Playoffs
Luke Schenn,20222023,TOR,R,D,11,0,1,1,8,11,0.09,0,1,0,0,0,0,0,0,14,0,17:27,--,1989-11-02,Saskatoon,SK,CAN,CAN,74,225,2008,1,5,20132014,N,Playoffs
Nate Schmidt,20222023,WPG,L,D,5,0,2,2,-2,0,0.4,0,1,0,1,0,0,0,0,10,0,21:24,--,1991-07-16,St. Cloud,MN,USA,USA,72,197,--,--,--,20152016,N,Playoffs
Braden Schneider,20222023,NYR,R,D,7,1,0,1,0,9,0.14,1,1,0,0,0,0,0,0,6,16.7,14:58,--,2001-09-20,Prince Albert,SK,CAN,CAN,76,213,2020,1,19,20212022,N,Playoffs
Justin Schultz,20222023,SEA,R,D,14,3,7,10,5,2,0.71,2,7,1,3,0,0,0,0,15,20,15:54,--,1990-07-06,Kelowna,BC,CAN,CAN,74,190,2008,2,43,20152016,N,Playoffs
Jaden Schwartz,20222023,SEA,L,C,14,5,5,10,-2,2,0.71,4,8,1,2,0,0,0,0,41,12.2,18:15,54.3,1992-06-25,Wilcox,SK,CAN,CAN,70,185,2010,1,14,20122013,N,Playoffs
Tyler Seguin,20222023,DAL,R,C,19,5,4,9,-8,4,0.47,1,4,4,5,0,0,0,2,54,9.3,16:14,53.5,1992-01-31,Brampton,ON,CAN,CAN,74,201,2010,1,2,20102011,N,Playoffs
Mikhail Sergachev,20222023,TBL,L,D,6,1,2,3,-4,16,0.5,1,2,0,1,0,0,0,0,11,9.1,26:55,--,1998-06-25,Nizhnekamsk,--,RUS,RUS,75,212,2016,1,9,20172018,N,Playoffs
Damon Severson,20222023,NJD,R,D,12,1,2,3,-3,6,0.25,1,2,0,1,0,0,0,1,12,8.3,18:33,--,1994-08-07,Melville,SK,CAN,CAN,74,204,2012,2,60,20172018,N,Playoffs
Yegor Sharangovich,20222023,NJD,L,C,3,0,0,0,-1,0,0,0,0,0,0,0,0,0,0,2,0,10:57,33.3,1998-06-06,Minsk,--,BLR,BLR,74,196,2018,5,141,20222023,N,Playoffs
Jonas Siegenthaler,20222023,NJD,L,D,11,1,2,3,-3,8,0.27,1,3,0,0,0,0,0,1,8,12.5,20:48,--,1997-05-06,Zurich,--,CHE,CHE,74,218,2015,2,57,20182019,N,Playoffs
Brady Skjei,20222023,CAR,L,D,15,1,3,4,-2,12,0.27,1,4,0,0,0,0,0,0,28,3.6,23:46,--,1994-03-26,Lakeville,MN,USA,USA,75,210,2012,1,28,20152016,N,Playoffs
Jaccob Slavin,20222023,CAR,L,D,15,2,4,6,12,2,0.4,2,6,0,0,0,0,0,0,24,8.3,22:32,--,1994-05-01,Denver,CO,USA,USA,75,207,2012,4,120,20182019,N,Playoffs
Brendan Smith,20222023,NJD,L,D,3,0,1,1,3,12,0.33,0,1,0,0,0,0,0,0,2,0,16:10,--,1989-02-08,Mimico,ON,CAN,CAN,74,200,2007,1,27,20122013,N,Playoffs
Givani Smith,20222023,FLA,L,R,1,0,0,0,0,2,0,0,0,0,0,0,0,0,0,2,0,5:25,--,1998-02-27,Toronto,ON,CAN,CAN,74,214,2016,2,46,20222023,N,Playoffs
Reilly Smith,20222023,VGK,L,R,22,4,10,14,9,14,0.64,2,9,2,5,0,0,0,1,51,7.8,16:46,0,1991-04-01,Mimico,ON,CAN,CAN,73,185,2009,3,69,20132014,N,Playoffs
Carson Soucy,20222023,SEA,L,D,14,1,1,2,6,12,0.14,1,2,0,0,0,0,0,1,17,5.9,14:35,--,1994-07-27,Viking,AB,CAN,CAN,77,208,2013,5,137,20172018,N,Playoffs
Daniel Sprong,20222023,SEA,R,R,10,1,1,2,-3,0,0.2,0,0,1,2,0,0,0,0,20,5,8:33,50,1997-03-17,Amsterdam,--,NLD,CAN,72,195,2015,2,46,20202021,N,Playoffs
Jared Spurgeon,20222023,MIN,R,D,6,0,2,2,-6,4,0.33,0,0,0,2,0,0,0,0,7,0,24:07,--,1989-11-29,Edmonton,AB,CAN,CAN,69,166,2008,6,156,20122013,N,Playoffs
Eric Staal,20222023,FLA,L,C,21,2,3,5,-4,12,0.24,1,3,0,0,1,2,0,0,14,14.3,11:38,44,1984-10-29,Thunder Bay,ON,CAN,CAN,76,195,2003,1,2,20052006,N,Playoffs
Jordan Staal,20222023,CAR,L,C,15,2,6,8,4,6,0.53,1,6,0,0,1,2,0,0,30,6.7,17:44,52.7,1988-09-10,Thunder Bay,ON,CAN,CAN,76,220,2006,1,2,20062007,N,Playoffs
Marc Staal,20222023,FLA,L,D,21,0,0,0,0,10,0,0,0,0,0,0,0,0,0,17,0,20:56,--,1987-01-13,Thunder Bay,ON,CAN,CAN,76,208,2005,1,12,20072008,N,Playoffs
Steven Stamkos,20222023,TBL,R,C,6,2,2,4,-2,9,0.67,2,4,0,0,0,0,0,0,19,10.5,19:10,36.8,1990-02-07,Markham,ON,CAN,CAN,73,193,2008,1,1,20102011,N,Playoffs
Logan Stanley,20222023,WPG,L,D,1,0,0,0,-1,0,0,0,0,0,0,0,0,0,0,0,--,8:58,--,1998-05-26,Waterloo,ON,CAN,CAN,79,231,2016,1,18,20202021,N,Playoffs
Paul Stastny,20222023,CAR,L,C,15,4,0,4,-1,4,0.27,4,4,0,0,0,0,1,1,13,30.8,12:18,58.7,1985-12-27,Quebec City,QC,CAN,USA,72,193,2005,2,44,20072008,N,Playoffs
Sam Steel,20222023,MIN,L,C,5,1,1,2,1,2,0.4,1,2,0,0,0,0,0,0,6,16.7,15:35,43.9,1998-02-03,Ardrossan,AB,CAN,CAN,72,189,2016,1,30,20222023,N,Playoffs
Kevin Stenlund,20222023,WPG,R,C,5,1,0,1,1,2,0.2,1,1,0,0,0,0,0,0,6,16.7,13:42,35.1,1996-09-20,Stockholm,--,SWE,SWE,75,213,2015,2,58,20192020,N,Playoffs
Derek Stepan,20222023,CAR,R,C,11,0,1,1,-4,2,0.09,0,1,0,0,0,0,0,0,22,0,11:58,51.9,1990-06-18,Hastings,MN,USA,USA,71,196,2008,2,51,20102011,N,Playoffs
Chandler Stephenson,20222023,VGK,L,C,22,10,10,20,3,30,0.91,9,15,1,5,0,0,1,3,35,28.6,18:20,53.4,1994-04-22,Saskatoon,SK,CAN,CAN,72,201,2012,3,77,20172018,N,Playoffs
Mark Stone,20222023,VGK,R,R,22,11,13,24,5,8,1.09,6,17,4,6,1,1,0,1,49,22.5,18:55,50,1992-05-13,Winnipeg,MB,CAN,CAN,75,210,2010,6,178,20112012,N,Playoffs
Oskar Sundqvist,20222023,MIN,R,C,1,1,0,1,2,0,1,1,1,0,0,0,0,0,0,3,33.3,12:43,--,1994-03-23,Boden,--,SWE,SWE,75,220,2012,3,81,20152016,N,Playoffs
Ryan Suter,20222023,DAL,L,D,19,0,6,6,-3,18,0.32,0,5,0,1,0,0,0,0,21,0,23:21,--,1985-01-21,Madison,WI,USA,USA,73,201,2003,1,7,20062007,N,Playoffs
Brandon Tanev,20222023,SEA,L,L,14,1,3,4,0,4,0.29,0,2,0,0,1,2,0,0,13,7.7,13:24,20,1991-12-31,Toronto,ON,CAN,CAN,72,189,--,--,--,20172018,N,Playoffs
Vladimir Tarasenko,20222023,NYR,L,R,7,3,1,4,-1,2,0.57,3,4,0,0,0,0,0,1,19,15.8,15:13,0,1991-12-13,Yaroslavl,--,RUS,RUS,73,219,2010,1,16,20122013,N,Playoffs
Tomas Tatar,20222023,NJD,L,L,12,1,0,1,-7,4,0.08,1,1,0,0,0,0,0,0,15,6.7,13:55,28.6,1990-12-01,Ilava,--,SVK,SVK,70,173,2009,2,60,20132014,N,Playoffs
John Tavares,20222023,TOR,L,C,11,4,4,8,-1,4,0.73,3,6,1,2,0,0,1,1,44,9.1,18:44,63.1,1990-09-20,Mississauga,ON,CAN,CAN,73,211,2009,1,1,20122013,N,Playoffs
Teuvo Teravainen,20222023,CAR,L,C,6,1,0,1,0,2,0.17,1,1,0,0,0,0,0,0,9,11.1,18:46,75,1994-09-11,Helsinki,--,FIN,FIN,71,191,2012,1,18,20142015,N,Playoffs
Shea Theodore,20222023,VGK,L,D,21,1,12,13,8,10,0.62,1,11,0,2,0,0,0,0,41,2.4,20:08,--,1995-08-03,Aldergrove,BC,CAN,CAN,74,197,2013,1,26,20152016,N,Playoffs
Matthew Tkachuk,20222023,FLA,L,L,20,11,13,24,12,74,1.2,7,15,4,9,0,0,3,4,61,18,21:38,0,1997-12-11,Scottsdale,AZ,USA,USA,74,202,2016,1,6,20162017,N,Playoffs
Devon Toews,20222023,COL,L,D,7,1,8,9,5,0,1.29,1,8,0,1,0,0,0,1,12,8.3,23:45,--,1994-02-21,Abbotsford,BC,CAN,CAN,73,191,2014,4,108,20182019,N,Playoffs
Eeli Tolvanen,20222023,SEA,L,R,14,3,5,8,-4,6,0.57,3,6,0,2,0,0,0,0,28,10.7,16:20,25,1999-04-22,Vihti,--,FIN,FIN,70,182,2017,1,30,20202021,N,Playoffs
Vincent Trocheck,20222023,NYR,R,C,7,1,0,1,0,14,0.14,1,1,0,0,0,0,0,0,10,10,17:48,47.2,1993-07-11,Pittsburgh,PA,USA,USA,71,188,2011,3,64,20152016,N,Playoffs
Jacob Trouba,20222023,NYR,R,D,7,0,0,0,-1,6,0,0,0,0,0,0,0,0,0,17,0,22:35,--,1994-02-26,Rochester,MI,USA,USA,75,212,2012,1,9,20142015,N,Playoffs
Carter Verhaeghe,20222023,FLA,L,C,21,7,10,17,7,8,0.81,7,16,0,1,0,0,2,4,59,11.9,19:58,56.3,1995-08-14,Toronto,ON,CAN,CAN,74,183,2013,3,82,20192020,N,Playoffs
Jimmy Vesey,20222023,NYR,L,L,7,0,1,1,1,10,0.14,0,1,0,0,0,0,0,0,5,0,9:35,--,1993-05-26,Boston,MA,USA,USA,74,203,2012,3,66,20162017,N,Playoffs
Gabriel Vilardi,20222023,LAK,R,C,5,2,2,4,0,0,0.8,2,3,0,1,0,0,0,0,10,20,16:02,44.9,1999-08-16,Kingston,ON,CAN,CAN,75,216,2017,1,11,20212022,N,Playoffs
Sean Walker,20222023,LAK,R,D,2,0,0,0,-1,0,0,0,0,0,0,0,0,0,0,1,0,13:44,--,1994-11-13,Keswick,ON,CAN,CAN,71,191,--,--,--,20222023,N,Playoffs
Alexander Wennberg,20222023,SEA,L,C,14,2,5,7,-5,2,0.5,2,6,0,1,0,0,0,1,13,15.4,19:17,42.4,1994-09-22,Stockholm,--,SWE,SWE,74,190,2013,1,14,20162017,N,Playoffs
Blake Wheeler,20222023,WPG,R,R,5,2,4,6,2,0,1.2,1,4,1,2,0,0,0,0,10,20,18:00,54.6,1986-08-31,Plymouth,MN,USA,USA,77,222,2004,1,5,20082009,N,Playoffs
Colin White,20222023,FLA,R,C,21,0,2,2,-9,6,0.1,0,2,0,0,0,0,0,0,7,0,7:25,50,1997-01-30,Boston,MA,USA,USA,73,194,2015,1,21,20162017,N,Playoffs
Zach Whitecloud,20222023,VGK,R,D,22,2,6,8,14,21,0.36,2,8,0,0,0,0,0,1,19,10.5,18:42,--,1996-11-28,Brandon,MB,CAN,CAN,74,210,--,--,--,20192020,N,Playoffs
Miles Wood,20222023,NJD,L,L,8,2,0,2,0,14,0.25,2,2,0,0,0,0,0,0,12,16.7,10:57,100,1995-09-13,Buffalo,NY,USA,USA,74,195,2013,4,100,20172018,N,Playoffs
Kailer Yamamoto,20222023,EDM,R,R,12,1,3,4,-7,18,0.33,1,4,0,0,0,0,0,1,12,8.3,14:42,33.3,1998-09-29,Spokane,WA,USA,USA,69,178,2017,1,22,20192020,N,Playoffs
Pavel Zacha,20222023,BOS,L,C,7,0,6,6,1,2,0.86,0,2,0,3,0,1,0,0,15,0,17:31,48.4,1997-04-06,Brno,--,CZE,CZE,75,206,2015,1,6,20172018,N,Playoffs
Mika Zibanejad,20222023,NYR,R,C,7,1,3,4,-1,6,0.57,1,2,0,2,0,0,0,0,16,6.3,19:28,48.1,1993-04-18,Stockholm,--,SWE,SWE,74,203,2011,1,6,20122013,N,Playoffs
Mats Zuccarello,20222023,MIN,L,R,6,2,3,5,-2,4,0.83,2,3,0,2,0,0,0,0,15,13.3,21:30,66.7,1987-09-01,Oslo,--,NOR,NOR,68,181,--,--,--,20102011,N,Playoffs
